{"duration": 0.0021088123321533203, "input_args": {"x": "{'one': 1, 'two': 2, 'three': 3}"}, "time": 1694027686.4347873}